Title,Sale Price,Regular Price
Ready or Not,$0.00,$39.99
No Man's Sky PS4 & PS5,$0.00,$0.00
Ready or Not: Digital Deluxe Edition,$0.00,$0.00
Call of Duty®: Black Ops 6 - Cross-Gen Bundle,$0.00,$0.00
Assassin’s Creed Shadows,$0.00,$0.00
Red Dead Redemption 2,$0.00,$0.00
WWE 2K25 Deadman Edition,$0.00,$0.00
Cyberpunk 2077: Phantom Liberty,$0.00,$0.00
Mortal Kombat™ 1: Definitive Edition Upgrade,$0.00,$0.00
PGA TOUR 2K25,$0.00,$0.00
Cyberpunk 2077,$0.00,$0.00
Call of Duty®: Black Ops III - Zombies Chronicles Edition,$0.00,$0.00
Assassin's Creed Shadows Digital Deluxe Edition,$0.00,$0.00
GTA Online: Megalodon Shark Cash Card (PS5™),$0.00,$0.00
The Elder Scrolls IV: Oblivion Remastered,$0.00,$0.00
Indiana Jones and the Great Circle,$0.00,$0.00
F1® 25,$0.00,$0.00
Tony Hawk's™ Pro Skater™ 3 + 4 - Cross-Gen Edition,$0.00,$0.00
UFC® 5,$0.00,$0.00
Alan Wake 2 Deluxe Edition,$0.00,$0.00
Mortal Kombat™ 1,$0.00,$0.00
Stellar Blade™ Complete Edition,$0.00,$0.00
Hogwarts Legacy PS5 Version,$0.00,$0.00
Red Dead Redemption,$0.00,$0.00
Ready or Not,$0.00,$39.99
No Man's Sky PS4 & PS5,$0.00,$0.00
Ready or Not: Digital Deluxe Edition,$0.00,$0.00
Call of Duty®: Black Ops 6 - Cross-Gen Bundle,$0.00,$0.00
Assassin’s Creed Shadows,$0.00,$0.00
Red Dead Redemption 2,$0.00,$0.00
WWE 2K25 Deadman Edition,$0.00,$0.00
Cyberpunk 2077: Phantom Liberty,$0.00,$0.00
Mortal Kombat™ 1: Definitive Edition Upgrade,$0.00,$0.00
PGA TOUR 2K25,$0.00,$0.00
Cyberpunk 2077,$0.00,$0.00
Call of Duty®: Black Ops III - Zombies Chronicles Edition,$0.00,$0.00
Assassin's Creed Shadows Digital Deluxe Edition,$0.00,$0.00
GTA Online: Megalodon Shark Cash Card (PS5™),$0.00,$0.00
The Elder Scrolls IV: Oblivion Remastered,$0.00,$0.00
Indiana Jones and the Great Circle,$0.00,$0.00
F1® 25,$0.00,$0.00
Tony Hawk's™ Pro Skater™ 3 + 4 - Cross-Gen Edition,$0.00,$0.00
UFC® 5,$0.00,$0.00
Alan Wake 2 Deluxe Edition,$0.00,$0.00
Mortal Kombat™ 1,$0.00,$0.00
Stellar Blade™ Complete Edition,$0.00,$0.00
Hogwarts Legacy PS5 Version,$0.00,$0.00
Red Dead Redemption,$0.00,$0.00
Ready or Not,$0.00,$39.99
No Man's Sky PS4 & PS5,$0.00,$0.00
Ready or Not: Digital Deluxe Edition,$0.00,$0.00
Call of Duty®: Black Ops 6 - Cross-Gen Bundle,$0.00,$0.00
Assassin’s Creed Shadows,$0.00,$0.00
Red Dead Redemption 2,$0.00,$0.00
WWE 2K25 Deadman Edition,$0.00,$0.00
Cyberpunk 2077: Phantom Liberty,$0.00,$0.00
Mortal Kombat™ 1: Definitive Edition Upgrade,$0.00,$0.00
PGA TOUR 2K25,$0.00,$0.00
Cyberpunk 2077,$0.00,$0.00
Call of Duty®: Black Ops III - Zombies Chronicles Edition,$0.00,$0.00
Assassin's Creed Shadows Digital Deluxe Edition,$0.00,$0.00
GTA Online: Megalodon Shark Cash Card (PS5™),$0.00,$0.00
The Elder Scrolls IV: Oblivion Remastered,$0.00,$0.00
Indiana Jones and the Great Circle,$0.00,$0.00
F1® 25,$0.00,$0.00
Tony Hawk's™ Pro Skater™ 3 + 4 - Cross-Gen Edition,$0.00,$0.00
UFC® 5,$0.00,$0.00
Alan Wake 2 Deluxe Edition,$0.00,$0.00
Mortal Kombat™ 1,$0.00,$0.00
Stellar Blade™ Complete Edition,$0.00,$0.00
Hogwarts Legacy PS5 Version,$0.00,$0.00
Red Dead Redemption,$0.00,$0.00
Ready or Not,$0.00,$39.99
No Man's Sky PS4 & PS5,$0.00,$0.00
Ready or Not: Digital Deluxe Edition,$0.00,$0.00
Call of Duty®: Black Ops 6 - Cross-Gen Bundle,$0.00,$0.00
Assassin’s Creed Shadows,$0.00,$0.00
Red Dead Redemption 2,$0.00,$0.00
WWE 2K25 Deadman Edition,$0.00,$0.00
Cyberpunk 2077: Phantom Liberty,$0.00,$0.00
Mortal Kombat™ 1: Definitive Edition Upgrade,$0.00,$0.00
PGA TOUR 2K25,$0.00,$0.00
Cyberpunk 2077,$0.00,$0.00
Call of Duty®: Black Ops III - Zombies Chronicles Edition,$0.00,$0.00
Assassin's Creed Shadows Digital Deluxe Edition,$0.00,$0.00
GTA Online: Megalodon Shark Cash Card (PS5™),$0.00,$0.00
The Elder Scrolls IV: Oblivion Remastered,$0.00,$0.00
Indiana Jones and the Great Circle,$0.00,$0.00
F1® 25,$0.00,$0.00
Tony Hawk's™ Pro Skater™ 3 + 4 - Cross-Gen Edition,$0.00,$0.00
UFC® 5,$0.00,$0.00
Alan Wake 2 Deluxe Edition,$0.00,$0.00
Mortal Kombat™ 1,$0.00,$0.00
Stellar Blade™ Complete Edition,$0.00,$0.00
Hogwarts Legacy PS5 Version,$0.00,$0.00
Red Dead Redemption,$0.00,$0.00
Ready or Not,$0.00,$39.99
No Man's Sky PS4 & PS5,$0.00,$0.00
Ready or Not: Digital Deluxe Edition,$0.00,$0.00
Call of Duty®: Black Ops 6 - Cross-Gen Bundle,$0.00,$0.00
Assassin’s Creed Shadows,$0.00,$0.00
Red Dead Redemption 2,$0.00,$0.00
WWE 2K25 Deadman Edition,$0.00,$0.00
Cyberpunk 2077: Phantom Liberty,$0.00,$0.00
Mortal Kombat™ 1: Definitive Edition Upgrade,$0.00,$0.00
PGA TOUR 2K25,$0.00,$0.00
Cyberpunk 2077,$0.00,$0.00
Call of Duty®: Black Ops III - Zombies Chronicles Edition,$0.00,$0.00
Assassin's Creed Shadows Digital Deluxe Edition,$0.00,$0.00
GTA Online: Megalodon Shark Cash Card (PS5™),$0.00,$0.00
The Elder Scrolls IV: Oblivion Remastered,$0.00,$0.00
Indiana Jones and the Great Circle,$0.00,$0.00
F1® 25,$0.00,$0.00
Tony Hawk's™ Pro Skater™ 3 + 4 - Cross-Gen Edition,$0.00,$0.00
UFC® 5,$0.00,$0.00
Alan Wake 2 Deluxe Edition,$0.00,$0.00
Mortal Kombat™ 1,$0.00,$0.00
Stellar Blade™ Complete Edition,$0.00,$0.00
Hogwarts Legacy PS5 Version,$0.00,$0.00
Red Dead Redemption,$0.00,$0.00
Ready or Not,$0.00,$39.99
No Man's Sky PS4 & PS5,$0.00,$0.00
Ready or Not: Digital Deluxe Edition,$0.00,$0.00
Call of Duty®: Black Ops 6 - Cross-Gen Bundle,$0.00,$0.00
Assassin’s Creed Shadows,$0.00,$0.00
Red Dead Redemption 2,$0.00,$0.00
WWE 2K25 Deadman Edition,$0.00,$0.00
Cyberpunk 2077: Phantom Liberty,$0.00,$0.00
Mortal Kombat™ 1: Definitive Edition Upgrade,$0.00,$0.00
PGA TOUR 2K25,$0.00,$0.00
Cyberpunk 2077,$0.00,$0.00
Call of Duty®: Black Ops III - Zombies Chronicles Edition,$0.00,$0.00
Assassin's Creed Shadows Digital Deluxe Edition,$0.00,$0.00
GTA Online: Megalodon Shark Cash Card (PS5™),$0.00,$0.00
The Elder Scrolls IV: Oblivion Remastered,$0.00,$0.00
Indiana Jones and the Great Circle,$0.00,$0.00
F1® 25,$0.00,$0.00
Tony Hawk's™ Pro Skater™ 3 + 4 - Cross-Gen Edition,$0.00,$0.00
UFC® 5,$0.00,$0.00
Alan Wake 2 Deluxe Edition,$0.00,$0.00
Mortal Kombat™ 1,$0.00,$0.00
Stellar Blade™ Complete Edition,$0.00,$0.00
Hogwarts Legacy PS5 Version,$0.00,$0.00
Red Dead Redemption,$0.00,$0.00
Ready or Not,$0.00,$39.99
No Man's Sky PS4 & PS5,$0.00,$0.00
Ready or Not: Digital Deluxe Edition,$0.00,$0.00
Call of Duty®: Black Ops 6 - Cross-Gen Bundle,$0.00,$0.00
Assassin’s Creed Shadows,$0.00,$0.00
Red Dead Redemption 2,$0.00,$0.00
WWE 2K25 Deadman Edition,$0.00,$0.00
Cyberpunk 2077: Phantom Liberty,$0.00,$0.00
Mortal Kombat™ 1: Definitive Edition Upgrade,$0.00,$0.00
PGA TOUR 2K25,$0.00,$0.00
Cyberpunk 2077,$0.00,$0.00
Call of Duty®: Black Ops III - Zombies Chronicles Edition,$0.00,$0.00
Assassin's Creed Shadows Digital Deluxe Edition,$0.00,$0.00
GTA Online: Megalodon Shark Cash Card (PS5™),$0.00,$0.00
The Elder Scrolls IV: Oblivion Remastered,$0.00,$0.00
Indiana Jones and the Great Circle,$0.00,$0.00
F1® 25,$0.00,$0.00
Tony Hawk's™ Pro Skater™ 3 + 4 - Cross-Gen Edition,$0.00,$0.00
UFC® 5,$0.00,$0.00
Alan Wake 2 Deluxe Edition,$0.00,$0.00
Mortal Kombat™ 1,$0.00,$0.00
Stellar Blade™ Complete Edition,$0.00,$0.00
Hogwarts Legacy PS5 Version,$0.00,$0.00
Red Dead Redemption,$0.00,$0.00
Ready or Not,$0.00,$39.99
No Man's Sky PS4 & PS5,$0.00,$0.00
Ready or Not: Digital Deluxe Edition,$0.00,$0.00
Call of Duty®: Black Ops 6 - Cross-Gen Bundle,$0.00,$0.00
Assassin’s Creed Shadows,$0.00,$0.00
Red Dead Redemption 2,$0.00,$0.00
WWE 2K25 Deadman Edition,$0.00,$0.00
Cyberpunk 2077: Phantom Liberty,$0.00,$0.00
Mortal Kombat™ 1: Definitive Edition Upgrade,$0.00,$0.00
PGA TOUR 2K25,$0.00,$0.00
Cyberpunk 2077,$0.00,$0.00
Call of Duty®: Black Ops III - Zombies Chronicles Edition,$0.00,$0.00
Assassin's Creed Shadows Digital Deluxe Edition,$0.00,$0.00
GTA Online: Megalodon Shark Cash Card (PS5™),$0.00,$0.00
The Elder Scrolls IV: Oblivion Remastered,$0.00,$0.00
Indiana Jones and the Great Circle,$0.00,$0.00
F1® 25,$0.00,$0.00
Tony Hawk's™ Pro Skater™ 3 + 4 - Cross-Gen Edition,$0.00,$0.00
UFC® 5,$0.00,$0.00
Alan Wake 2 Deluxe Edition,$0.00,$0.00
Mortal Kombat™ 1,$0.00,$0.00
Stellar Blade™ Complete Edition,$0.00,$0.00
Hogwarts Legacy PS5 Version,$0.00,$0.00
Red Dead Redemption,$0.00,$0.00
Ready or Not,$0.00,$39.99
No Man's Sky PS4 & PS5,$0.00,$0.00
Ready or Not: Digital Deluxe Edition,$0.00,$0.00
Call of Duty®: Black Ops 6 - Cross-Gen Bundle,$0.00,$0.00
Assassin’s Creed Shadows,$0.00,$0.00
Red Dead Redemption 2,$0.00,$0.00
WWE 2K25 Deadman Edition,$0.00,$0.00
Cyberpunk 2077: Phantom Liberty,$0.00,$0.00
Mortal Kombat™ 1: Definitive Edition Upgrade,$0.00,$0.00
PGA TOUR 2K25,$0.00,$0.00
Cyberpunk 2077,$0.00,$0.00
Call of Duty®: Black Ops III - Zombies Chronicles Edition,$0.00,$0.00
Assassin's Creed Shadows Digital Deluxe Edition,$0.00,$0.00
GTA Online: Megalodon Shark Cash Card (PS5™),$0.00,$0.00
The Elder Scrolls IV: Oblivion Remastered,$0.00,$0.00
Indiana Jones and the Great Circle,$0.00,$0.00
F1® 25,$0.00,$0.00
Tony Hawk's™ Pro Skater™ 3 + 4 - Cross-Gen Edition,$0.00,$0.00
UFC® 5,$0.00,$0.00
Alan Wake 2 Deluxe Edition,$0.00,$0.00
Mortal Kombat™ 1,$0.00,$0.00
Stellar Blade™ Complete Edition,$0.00,$0.00
Hogwarts Legacy PS5 Version,$0.00,$0.00
Red Dead Redemption,$0.00,$0.00
Ready or Not,$0.00,$39.99
No Man's Sky PS4 & PS5,$0.00,$0.00
Ready or Not: Digital Deluxe Edition,$0.00,$0.00
Call of Duty®: Black Ops 6 - Cross-Gen Bundle,$0.00,$0.00
Assassin’s Creed Shadows,$0.00,$0.00
Red Dead Redemption 2,$0.00,$0.00
WWE 2K25 Deadman Edition,$0.00,$0.00
Cyberpunk 2077: Phantom Liberty,$0.00,$0.00
Mortal Kombat™ 1: Definitive Edition Upgrade,$0.00,$0.00
PGA TOUR 2K25,$0.00,$0.00
Cyberpunk 2077,$0.00,$0.00
Call of Duty®: Black Ops III - Zombies Chronicles Edition,$0.00,$0.00
Assassin's Creed Shadows Digital Deluxe Edition,$0.00,$0.00
GTA Online: Megalodon Shark Cash Card (PS5™),$0.00,$0.00
The Elder Scrolls IV: Oblivion Remastered,$0.00,$0.00
Indiana Jones and the Great Circle,$0.00,$0.00
F1® 25,$0.00,$0.00
Tony Hawk's™ Pro Skater™ 3 + 4 - Cross-Gen Edition,$0.00,$0.00
UFC® 5,$0.00,$0.00
Alan Wake 2 Deluxe Edition,$0.00,$0.00
Mortal Kombat™ 1,$0.00,$0.00
Stellar Blade™ Complete Edition,$0.00,$0.00
Hogwarts Legacy PS5 Version,$0.00,$0.00
Red Dead Redemption,$0.00,$0.00
Ready or Not,$0.00,$39.99
No Man's Sky PS4 & PS5,$0.00,$0.00
Ready or Not: Digital Deluxe Edition,$0.00,$0.00
Call of Duty®: Black Ops 6 - Cross-Gen Bundle,$0.00,$0.00
Assassin’s Creed Shadows,$0.00,$0.00
Red Dead Redemption 2,$0.00,$0.00
WWE 2K25 Deadman Edition,$0.00,$0.00
Cyberpunk 2077: Phantom Liberty,$0.00,$0.00
Mortal Kombat™ 1: Definitive Edition Upgrade,$0.00,$0.00
PGA TOUR 2K25,$0.00,$0.00
Cyberpunk 2077,$0.00,$0.00
Call of Duty®: Black Ops III - Zombies Chronicles Edition,$0.00,$0.00
Assassin's Creed Shadows Digital Deluxe Edition,$0.00,$0.00
GTA Online: Megalodon Shark Cash Card (PS5™),$0.00,$0.00
The Elder Scrolls IV: Oblivion Remastered,$0.00,$0.00
Indiana Jones and the Great Circle,$0.00,$0.00
F1® 25,$0.00,$0.00
Tony Hawk's™ Pro Skater™ 3 + 4 - Cross-Gen Edition,$0.00,$0.00
UFC® 5,$0.00,$0.00
Alan Wake 2 Deluxe Edition,$0.00,$0.00
Mortal Kombat™ 1,$0.00,$0.00
Stellar Blade™ Complete Edition,$0.00,$0.00
Hogwarts Legacy PS5 Version,$0.00,$0.00
Red Dead Redemption,$0.00,$0.00
Ready or Not,$0.00,$39.99
No Man's Sky PS4 & PS5,$0.00,$0.00
Ready or Not: Digital Deluxe Edition,$0.00,$0.00
Call of Duty®: Black Ops 6 - Cross-Gen Bundle,$0.00,$0.00
Assassin’s Creed Shadows,$0.00,$0.00
Red Dead Redemption 2,$0.00,$0.00
WWE 2K25 Deadman Edition,$0.00,$0.00
Cyberpunk 2077: Phantom Liberty,$0.00,$0.00
Mortal Kombat™ 1: Definitive Edition Upgrade,$0.00,$0.00
PGA TOUR 2K25,$0.00,$0.00
Cyberpunk 2077,$0.00,$0.00
Call of Duty®: Black Ops III - Zombies Chronicles Edition,$0.00,$0.00
Assassin's Creed Shadows Digital Deluxe Edition,$0.00,$0.00
GTA Online: Megalodon Shark Cash Card (PS5™),$0.00,$0.00
The Elder Scrolls IV: Oblivion Remastered,$0.00,$0.00
Indiana Jones and the Great Circle,$0.00,$0.00
F1® 25,$0.00,$0.00
Tony Hawk's™ Pro Skater™ 3 + 4 - Cross-Gen Edition,$0.00,$0.00
UFC® 5,$0.00,$0.00
Alan Wake 2 Deluxe Edition,$0.00,$0.00
Mortal Kombat™ 1,$0.00,$0.00
Stellar Blade™ Complete Edition,$0.00,$0.00
Hogwarts Legacy PS5 Version,$0.00,$0.00
Red Dead Redemption,$0.00,$0.00
Ready or Not,$0.00,$39.99
No Man's Sky PS4 & PS5,$0.00,$0.00
Ready or Not: Digital Deluxe Edition,$0.00,$0.00
Call of Duty®: Black Ops 6 - Cross-Gen Bundle,$0.00,$0.00
Assassin’s Creed Shadows,$0.00,$0.00
Red Dead Redemption 2,$0.00,$0.00
WWE 2K25 Deadman Edition,$0.00,$0.00
Cyberpunk 2077: Phantom Liberty,$0.00,$0.00
Mortal Kombat™ 1: Definitive Edition Upgrade,$0.00,$0.00
PGA TOUR 2K25,$0.00,$0.00
Cyberpunk 2077,$0.00,$0.00
Call of Duty®: Black Ops III - Zombies Chronicles Edition,$0.00,$0.00
Assassin's Creed Shadows Digital Deluxe Edition,$0.00,$0.00
GTA Online: Megalodon Shark Cash Card (PS5™),$0.00,$0.00
The Elder Scrolls IV: Oblivion Remastered,$0.00,$0.00
Indiana Jones and the Great Circle,$0.00,$0.00
F1® 25,$0.00,$0.00
Tony Hawk's™ Pro Skater™ 3 + 4 - Cross-Gen Edition,$0.00,$0.00
UFC® 5,$0.00,$0.00
Alan Wake 2 Deluxe Edition,$0.00,$0.00
Mortal Kombat™ 1,$0.00,$0.00
Stellar Blade™ Complete Edition,$0.00,$0.00
Hogwarts Legacy PS5 Version,$0.00,$0.00
Red Dead Redemption,$0.00,$0.00
Ready or Not,$0.00,$39.99
No Man's Sky PS4 & PS5,$0.00,$0.00
Ready or Not: Digital Deluxe Edition,$0.00,$0.00
Call of Duty®: Black Ops 6 - Cross-Gen Bundle,$0.00,$0.00
Assassin’s Creed Shadows,$0.00,$0.00
Red Dead Redemption 2,$0.00,$0.00
WWE 2K25 Deadman Edition,$0.00,$0.00
Cyberpunk 2077: Phantom Liberty,$0.00,$0.00
Mortal Kombat™ 1: Definitive Edition Upgrade,$0.00,$0.00
PGA TOUR 2K25,$0.00,$0.00
Cyberpunk 2077,$0.00,$0.00
Call of Duty®: Black Ops III - Zombies Chronicles Edition,$0.00,$0.00
Assassin's Creed Shadows Digital Deluxe Edition,$0.00,$0.00
GTA Online: Megalodon Shark Cash Card (PS5™),$0.00,$0.00
The Elder Scrolls IV: Oblivion Remastered,$0.00,$0.00
Indiana Jones and the Great Circle,$0.00,$0.00
F1® 25,$0.00,$0.00
Tony Hawk's™ Pro Skater™ 3 + 4 - Cross-Gen Edition,$0.00,$0.00
UFC® 5,$0.00,$0.00
Alan Wake 2 Deluxe Edition,$0.00,$0.00
Mortal Kombat™ 1,$0.00,$0.00
Stellar Blade™ Complete Edition,$0.00,$0.00
Hogwarts Legacy PS5 Version,$0.00,$0.00
Red Dead Redemption,$0.00,$0.00
Ready or Not,$0.00,$39.99
No Man's Sky PS4 & PS5,$0.00,$0.00
Ready or Not: Digital Deluxe Edition,$0.00,$0.00
Call of Duty®: Black Ops 6 - Cross-Gen Bundle,$0.00,$0.00
Assassin’s Creed Shadows,$0.00,$0.00
Red Dead Redemption 2,$0.00,$0.00
WWE 2K25 Deadman Edition,$0.00,$0.00
Cyberpunk 2077: Phantom Liberty,$0.00,$0.00
Mortal Kombat™ 1: Definitive Edition Upgrade,$0.00,$0.00
PGA TOUR 2K25,$0.00,$0.00
Cyberpunk 2077,$0.00,$0.00
Call of Duty®: Black Ops III - Zombies Chronicles Edition,$0.00,$0.00
Assassin's Creed Shadows Digital Deluxe Edition,$0.00,$0.00
GTA Online: Megalodon Shark Cash Card (PS5™),$0.00,$0.00
The Elder Scrolls IV: Oblivion Remastered,$0.00,$0.00
Indiana Jones and the Great Circle,$0.00,$0.00
F1® 25,$0.00,$0.00
Tony Hawk's™ Pro Skater™ 3 + 4 - Cross-Gen Edition,$0.00,$0.00
UFC® 5,$0.00,$0.00
Alan Wake 2 Deluxe Edition,$0.00,$0.00
Mortal Kombat™ 1,$0.00,$0.00
Stellar Blade™ Complete Edition,$0.00,$0.00
Hogwarts Legacy PS5 Version,$0.00,$0.00
Red Dead Redemption,$0.00,$0.00
Ready or Not,$0.00,$39.99
No Man's Sky PS4 & PS5,$0.00,$0.00
Ready or Not: Digital Deluxe Edition,$0.00,$0.00
Call of Duty®: Black Ops 6 - Cross-Gen Bundle,$0.00,$0.00
Assassin’s Creed Shadows,$0.00,$0.00
Red Dead Redemption 2,$0.00,$0.00
WWE 2K25 Deadman Edition,$0.00,$0.00
Cyberpunk 2077: Phantom Liberty,$0.00,$0.00
Mortal Kombat™ 1: Definitive Edition Upgrade,$0.00,$0.00
PGA TOUR 2K25,$0.00,$0.00
Cyberpunk 2077,$0.00,$0.00
Call of Duty®: Black Ops III - Zombies Chronicles Edition,$0.00,$0.00
Assassin's Creed Shadows Digital Deluxe Edition,$0.00,$0.00
GTA Online: Megalodon Shark Cash Card (PS5™),$0.00,$0.00
The Elder Scrolls IV: Oblivion Remastered,$0.00,$0.00
Indiana Jones and the Great Circle,$0.00,$0.00
F1® 25,$0.00,$0.00
Tony Hawk's™ Pro Skater™ 3 + 4 - Cross-Gen Edition,$0.00,$0.00
UFC® 5,$0.00,$0.00
Alan Wake 2 Deluxe Edition,$0.00,$0.00
Mortal Kombat™ 1,$0.00,$0.00
Stellar Blade™ Complete Edition,$0.00,$0.00
Hogwarts Legacy PS5 Version,$0.00,$0.00
Red Dead Redemption,$0.00,$0.00
Ready or Not,$0.00,$39.99
No Man's Sky PS4 & PS5,$0.00,$0.00
Ready or Not: Digital Deluxe Edition,$0.00,$0.00
Call of Duty®: Black Ops 6 - Cross-Gen Bundle,$0.00,$0.00
Assassin’s Creed Shadows,$0.00,$0.00
Red Dead Redemption 2,$0.00,$0.00
WWE 2K25 Deadman Edition,$0.00,$0.00
Cyberpunk 2077: Phantom Liberty,$0.00,$0.00
Mortal Kombat™ 1: Definitive Edition Upgrade,$0.00,$0.00
PGA TOUR 2K25,$0.00,$0.00
Cyberpunk 2077,$0.00,$0.00
Call of Duty®: Black Ops III - Zombies Chronicles Edition,$0.00,$0.00
Assassin's Creed Shadows Digital Deluxe Edition,$0.00,$0.00
GTA Online: Megalodon Shark Cash Card (PS5™),$0.00,$0.00
The Elder Scrolls IV: Oblivion Remastered,$0.00,$0.00
Indiana Jones and the Great Circle,$0.00,$0.00
F1® 25,$0.00,$0.00
Tony Hawk's™ Pro Skater™ 3 + 4 - Cross-Gen Edition,$0.00,$0.00
UFC® 5,$0.00,$0.00
Alan Wake 2 Deluxe Edition,$0.00,$0.00
Mortal Kombat™ 1,$0.00,$0.00
Stellar Blade™ Complete Edition,$0.00,$0.00
Hogwarts Legacy PS5 Version,$0.00,$0.00
Red Dead Redemption,$0.00,$0.00
Ready or Not,$0.00,$39.99
No Man's Sky PS4 & PS5,$0.00,$0.00
Ready or Not: Digital Deluxe Edition,$0.00,$0.00
Call of Duty®: Black Ops 6 - Cross-Gen Bundle,$0.00,$0.00
Assassin’s Creed Shadows,$0.00,$0.00
Red Dead Redemption 2,$0.00,$0.00
WWE 2K25 Deadman Edition,$0.00,$0.00
Cyberpunk 2077: Phantom Liberty,$0.00,$0.00
Mortal Kombat™ 1: Definitive Edition Upgrade,$0.00,$0.00
PGA TOUR 2K25,$0.00,$0.00
Cyberpunk 2077,$0.00,$0.00
Call of Duty®: Black Ops III - Zombies Chronicles Edition,$0.00,$0.00
Assassin's Creed Shadows Digital Deluxe Edition,$0.00,$0.00
GTA Online: Megalodon Shark Cash Card (PS5™),$0.00,$0.00
The Elder Scrolls IV: Oblivion Remastered,$0.00,$0.00
Indiana Jones and the Great Circle,$0.00,$0.00
F1® 25,$0.00,$0.00
Tony Hawk's™ Pro Skater™ 3 + 4 - Cross-Gen Edition,$0.00,$0.00
UFC® 5,$0.00,$0.00
Alan Wake 2 Deluxe Edition,$0.00,$0.00
Mortal Kombat™ 1,$0.00,$0.00
Stellar Blade™ Complete Edition,$0.00,$0.00
Hogwarts Legacy PS5 Version,$0.00,$0.00
Red Dead Redemption,$0.00,$0.00
Ready or Not,$0.00,$39.99
No Man's Sky PS4 & PS5,$0.00,$0.00
Ready or Not: Digital Deluxe Edition,$0.00,$0.00
Call of Duty®: Black Ops 6 - Cross-Gen Bundle,$0.00,$0.00
Assassin’s Creed Shadows,$0.00,$0.00
Red Dead Redemption 2,$0.00,$0.00
WWE 2K25 Deadman Edition,$0.00,$0.00
Cyberpunk 2077: Phantom Liberty,$0.00,$0.00
Mortal Kombat™ 1: Definitive Edition Upgrade,$0.00,$0.00
PGA TOUR 2K25,$0.00,$0.00
Cyberpunk 2077,$0.00,$0.00
Call of Duty®: Black Ops III - Zombies Chronicles Edition,$0.00,$0.00
Assassin's Creed Shadows Digital Deluxe Edition,$0.00,$0.00
GTA Online: Megalodon Shark Cash Card (PS5™),$0.00,$0.00
The Elder Scrolls IV: Oblivion Remastered,$0.00,$0.00
Indiana Jones and the Great Circle,$0.00,$0.00
F1® 25,$0.00,$0.00
Tony Hawk's™ Pro Skater™ 3 + 4 - Cross-Gen Edition,$0.00,$0.00
UFC® 5,$0.00,$0.00
Alan Wake 2 Deluxe Edition,$0.00,$0.00
Mortal Kombat™ 1,$0.00,$0.00
Stellar Blade™ Complete Edition,$0.00,$0.00
Hogwarts Legacy PS5 Version,$0.00,$0.00
Red Dead Redemption,$0.00,$0.00
Ready or Not,$0.00,$39.99
No Man's Sky PS4 & PS5,$0.00,$0.00
Ready or Not: Digital Deluxe Edition,$0.00,$0.00
Call of Duty®: Black Ops 6 - Cross-Gen Bundle,$0.00,$0.00
Assassin’s Creed Shadows,$0.00,$0.00
Red Dead Redemption 2,$0.00,$0.00
WWE 2K25 Deadman Edition,$0.00,$0.00
Cyberpunk 2077: Phantom Liberty,$0.00,$0.00
Mortal Kombat™ 1: Definitive Edition Upgrade,$0.00,$0.00
PGA TOUR 2K25,$0.00,$0.00
Cyberpunk 2077,$0.00,$0.00
Call of Duty®: Black Ops III - Zombies Chronicles Edition,$0.00,$0.00
Assassin's Creed Shadows Digital Deluxe Edition,$0.00,$0.00
GTA Online: Megalodon Shark Cash Card (PS5™),$0.00,$0.00
The Elder Scrolls IV: Oblivion Remastered,$0.00,$0.00
Indiana Jones and the Great Circle,$0.00,$0.00
F1® 25,$0.00,$0.00
Tony Hawk's™ Pro Skater™ 3 + 4 - Cross-Gen Edition,$0.00,$0.00
UFC® 5,$0.00,$0.00
Alan Wake 2 Deluxe Edition,$0.00,$0.00
Mortal Kombat™ 1,$0.00,$0.00
Stellar Blade™ Complete Edition,$0.00,$0.00
Hogwarts Legacy PS5 Version,$0.00,$0.00
Red Dead Redemption,$0.00,$0.00
Ready or Not,$0.00,$39.99
No Man's Sky PS4 & PS5,$0.00,$0.00
Ready or Not: Digital Deluxe Edition,$0.00,$0.00
Call of Duty®: Black Ops 6 - Cross-Gen Bundle,$0.00,$0.00
Assassin’s Creed Shadows,$0.00,$0.00
Red Dead Redemption 2,$0.00,$0.00
WWE 2K25 Deadman Edition,$0.00,$0.00
Cyberpunk 2077: Phantom Liberty,$0.00,$0.00
Mortal Kombat™ 1: Definitive Edition Upgrade,$0.00,$0.00
PGA TOUR 2K25,$0.00,$0.00
Cyberpunk 2077,$0.00,$0.00
Call of Duty®: Black Ops III - Zombies Chronicles Edition,$0.00,$0.00
Assassin's Creed Shadows Digital Deluxe Edition,$0.00,$0.00
GTA Online: Megalodon Shark Cash Card (PS5™),$0.00,$0.00
The Elder Scrolls IV: Oblivion Remastered,$0.00,$0.00
Indiana Jones and the Great Circle,$0.00,$0.00
F1® 25,$0.00,$0.00
Tony Hawk's™ Pro Skater™ 3 + 4 - Cross-Gen Edition,$0.00,$0.00
UFC® 5,$0.00,$0.00
Alan Wake 2 Deluxe Edition,$0.00,$0.00
Mortal Kombat™ 1,$0.00,$0.00
Stellar Blade™ Complete Edition,$0.00,$0.00
Hogwarts Legacy PS5 Version,$0.00,$0.00
Red Dead Redemption,$0.00,$0.00
Ready or Not,$0.00,$39.99
No Man's Sky PS4 & PS5,$0.00,$0.00
Ready or Not: Digital Deluxe Edition,$0.00,$0.00
Call of Duty®: Black Ops 6 - Cross-Gen Bundle,$0.00,$0.00
Assassin’s Creed Shadows,$0.00,$0.00
Red Dead Redemption 2,$0.00,$0.00
WWE 2K25 Deadman Edition,$0.00,$0.00
Cyberpunk 2077: Phantom Liberty,$0.00,$0.00
Mortal Kombat™ 1: Definitive Edition Upgrade,$0.00,$0.00
PGA TOUR 2K25,$0.00,$0.00
Cyberpunk 2077,$0.00,$0.00
Call of Duty®: Black Ops III - Zombies Chronicles Edition,$0.00,$0.00
Assassin's Creed Shadows Digital Deluxe Edition,$0.00,$0.00
GTA Online: Megalodon Shark Cash Card (PS5™),$0.00,$0.00
The Elder Scrolls IV: Oblivion Remastered,$0.00,$0.00
Indiana Jones and the Great Circle,$0.00,$0.00
F1® 25,$0.00,$0.00
Tony Hawk's™ Pro Skater™ 3 + 4 - Cross-Gen Edition,$0.00,$0.00
UFC® 5,$0.00,$0.00
Alan Wake 2 Deluxe Edition,$0.00,$0.00
Mortal Kombat™ 1,$0.00,$0.00
Stellar Blade™ Complete Edition,$0.00,$0.00
Hogwarts Legacy PS5 Version,$0.00,$0.00
Red Dead Redemption,$0.00,$0.00
Ready or Not,$0.00,$39.99
No Man's Sky PS4 & PS5,$0.00,$0.00
Ready or Not: Digital Deluxe Edition,$0.00,$0.00
Call of Duty®: Black Ops 6 - Cross-Gen Bundle,$0.00,$0.00
Assassin’s Creed Shadows,$0.00,$0.00
Red Dead Redemption 2,$0.00,$0.00
WWE 2K25 Deadman Edition,$0.00,$0.00
Cyberpunk 2077: Phantom Liberty,$0.00,$0.00
Mortal Kombat™ 1: Definitive Edition Upgrade,$0.00,$0.00
PGA TOUR 2K25,$0.00,$0.00
Cyberpunk 2077,$0.00,$0.00
Call of Duty®: Black Ops III - Zombies Chronicles Edition,$0.00,$0.00
Assassin's Creed Shadows Digital Deluxe Edition,$0.00,$0.00
GTA Online: Megalodon Shark Cash Card (PS5™),$0.00,$0.00
The Elder Scrolls IV: Oblivion Remastered,$0.00,$0.00
Indiana Jones and the Great Circle,$0.00,$0.00
F1® 25,$0.00,$0.00
Tony Hawk's™ Pro Skater™ 3 + 4 - Cross-Gen Edition,$0.00,$0.00
UFC® 5,$0.00,$0.00
Alan Wake 2 Deluxe Edition,$0.00,$0.00
Mortal Kombat™ 1,$0.00,$0.00
Stellar Blade™ Complete Edition,$0.00,$0.00
Hogwarts Legacy PS5 Version,$0.00,$0.00
Red Dead Redemption,$0.00,$0.00
Ready or Not,$0.00,$39.99
No Man's Sky PS4 & PS5,$0.00,$0.00
Ready or Not: Digital Deluxe Edition,$0.00,$0.00
Call of Duty®: Black Ops 6 - Cross-Gen Bundle,$0.00,$0.00
Assassin’s Creed Shadows,$0.00,$0.00
Red Dead Redemption 2,$0.00,$0.00
WWE 2K25 Deadman Edition,$0.00,$0.00
Cyberpunk 2077: Phantom Liberty,$0.00,$0.00
Mortal Kombat™ 1: Definitive Edition Upgrade,$0.00,$0.00
PGA TOUR 2K25,$0.00,$0.00
Cyberpunk 2077,$0.00,$0.00
Call of Duty®: Black Ops III - Zombies Chronicles Edition,$0.00,$0.00
Assassin's Creed Shadows Digital Deluxe Edition,$0.00,$0.00
GTA Online: Megalodon Shark Cash Card (PS5™),$0.00,$0.00
The Elder Scrolls IV: Oblivion Remastered,$0.00,$0.00
Indiana Jones and the Great Circle,$0.00,$0.00
F1® 25,$0.00,$0.00
Tony Hawk's™ Pro Skater™ 3 + 4 - Cross-Gen Edition,$0.00,$0.00
UFC® 5,$0.00,$0.00
Alan Wake 2 Deluxe Edition,$0.00,$0.00
Mortal Kombat™ 1,$0.00,$0.00
Stellar Blade™ Complete Edition,$0.00,$0.00
Hogwarts Legacy PS5 Version,$0.00,$0.00
Red Dead Redemption,$0.00,$0.00
